John	Gibson	john.gibson@gmail.com	(894) 280-4660	5730ec12ad69b442d69319417dce5869
Austin	Quinn	austin.quinn@gmail.com	(465) 953-0789	179b9438e9c3c1e0f644fcbc4e7683cd
Richard	Sanderson	richard.sanderson@gmail.com	(624) 279-7435	2bacc4be2647d0275d7fa5cae5438aa1
Matt	Coleman	matt.coleman@gmail.com	(957) 332-8815	d6004174dd76cca295a279d68d18fdda
Leonard	Bond	leonard.bond@gmail.com	(987) 624-0657	ec782c34e4103b729b4a9452d425efc5
Rebecca	Coleman	rebecca.coleman@gmail.com	(222) 372-1869	0cbfd8295c322da55c0895c0a0d8f62a
Lily	Baker	lily.baker@gmail.com	(768) 448-9726	74ce528934b25cc53c9dce4396e0f630
Justin	Wallace	justin.wallace@gmail.com	(938) 600-9516	329dea3debf24a419bce912d61add9b1
Andrea	Davidson	andrea.davidson@gmail.com	(779) 213-8730	a4d5f85f14259049b9208ceba036e9a6
Vanessa	Miller	vanessa.miller@gmail.com	(762) 943-5697	6a5310602e3c5b60a9f6f12f0884f7ba
Isaac	Vaughan	isaac.vaughan@gmail.com	(430) 649-8905	a25d3ec18c3ff00a57c337d7fd9ff09d
Christian	Lambert	christian.lambert@gmail.com	(420) 240-6714	08b88f636a47f5669f110e5d976f2bc7
Faith	Young	faith.young@gmail.com	(946) 568-9699	54608c1b0f6ef2848821854e07782287
Madeleine	Buckland	madeleine.buckland@gmail.com	(376) 781-8418	a3e2b584f43e91aa05bf6af748feac9c
Elizabeth	Sharp	elizabeth.sharp@gmail.com	(519) 817-9305	bee2abe2608bca8c25a5baa694a1d2c4
Lauren	Poole	lauren.poole@gmail.com	(811) 492-9711	0d06f03cde6b64c2e40e54855372f0ee
Stewart	Dowd	stewart.dowd@gmail.com	(380) 653-8711	9f2d09818e3fe9909f50ceb7e8d42917
Andrew	Campbell	andrew.campbell@gmail.com	(477) 703-5707	85b72b8be226693598a0824bb36337ba
Kimberly	Paterson	kimberly.paterson@gmail.com	(698) 636-8035	775edb75d67e9a1723706680144af4e3
John	Randall	john.randall@gmail.com	(381) 765-9978	2fb34d305750dc805086d92eed6050bd
Dominic	Fraser	dominic.fraser@gmail.com	(506) 585-6003	a306b4da4b61d89717716b257cd3826e
Sean	Welch	sean.welch@gmail.com	(532) 746-0236	99b6accbeca48f81f38c1b3907a18178
Alexander	Newman	alexander.newman@gmail.com	(897) 440-8037	96bd688897795376ba0086aedf809d1f
Victor	Taylor	victor.taylor@gmail.com	(709) 785-5008	f26679745756c938942a2e9c5c37bb64
Natalie	Walsh	natalie.walsh@gmail.com	(218) 240-6337	ef43a34d557013ecf17512e3796508cb
Evan	Morgan	evan.morgan@gmail.com	(498) 225-7495	2e074e43ac2e9e80e2ed0ee7293b593c
Stephen	Payne	stephen.payne@gmail.com	(732) 971-7207	010d8a3dab954377597c0ffcaee88eef
Michael	Coleman	michael.coleman@gmail.com	(946) 252-7173	762e61a2c36de17335592b5311f57930
Lillian	Hill	lillian.hill@gmail.com	(311) 628-4839	892dc87e28dba214c029a5f6bd165477
Edward	Watson	edward.watson@gmail.com	(631) 784-6096	1dcd9d978264cccd7729882329ddec2a
Christopher	Terry	christopher.terry@gmail.com	(215) 427-9042	330fa6c0e8affae03f76504f9e161631
Robert	Dyer	robert.dyer@gmail.com	(356) 259-7044	cfa7f9c6f3edbc5a5604845016eba953
Stephen	Black	stephen.black@gmail.com	(503) 915-0509	1c791e8b1516715b2a281f498f4954ba
Una	Bower	una.bower@gmail.com	(629) 723-9748	198ab9c36fa73d883893123d5b751113
Dylan	Mackay	dylan.mackay@gmail.com	(661) 978-0448	196f4462786a8338d28a66fcd34f5fb2
Boris	Bower	boris.bower@gmail.com	(433) 787-8392	25b61907fe2b2bf432de792d8bf07ecf
Steven	McDonald	steven.mcdonald@gmail.com	(553) 699-2426	daa79d6fdc9eeadc2d9800a417bbadb8
Sophie	Watson	sophie.watson@gmail.com	(426) 506-2736	8a62c5a814aff72c7ba40dd2a8636d59
Victor	Parr	victor.parr@gmail.com	(732) 977-4638	8d8f6f4d35ef072255a8e7d12ce95c58
Cameron	Metcalfe	cameron.metcalfe@gmail.com	(861) 305-9132	70a398e976185ade7b8016fa0d61dcea
Christopher	Smith	christopher.smith@gmail.com	(558) 874-0873	b7761411e804bb4c28d5bf6dd29c769f
Richard	Butler	richard.butler@gmail.com	(832) 390-8347	8a5f8928998e129cfcd0b0daf37c169c
Charles	Cameron	charles.cameron@gmail.com	(679) 910-4065	8ba423bc44fab3742236a835869c8d9a
Theresa	Oliver	theresa.oliver@gmail.com	(587) 829-6878	b8e81358fc37dd6f88c369880e1d854c
Tracey	Lee	tracey.lee@gmail.com	(944) 241-5254	e56d4b5ad6e53c389eb8d0257a507b0e
Adam	Wilkins	adam.wilkins@gmail.com	(530) 276-4041	84fbce4e78a9bced399f41ad6bfc90af
Tracey	Grant	tracey.grant@gmail.com	(951) 409-8614	1f0615d2995c4a03a3f6b313aaada655
Jennifer	Glover	jennifer.glover@gmail.com	(265) 349-9800	c43ad0a6a71dc735d0d16817aaf746fc
Ava	Murray	ava.murray@gmail.com	(754) 620-9147	f454585919cfd0bc9ca9d56718b0e6bc
Evan	Bell	evan.bell@gmail.com	(434) 660-4172	f0761b00d26b234a06196601aca1d0d5
Caroline	Mathis	caroline.mathis@gmail.com	(728) 883-5958	9a161df47996f901d57de7b9418908ca
Dan	Glover	dan.glover@gmail.com	(881) 902-6364	5c84a06fe74d0ef154b37037f166535d
Rachel	May	rachel.may@gmail.com	(577) 424-2611	53355734c6c174d1da95605b642fe6d8
Ella	Oliver	ella.oliver@gmail.com	(508) 280-1997	650c14e19c4d1944f8eabbf078a0eb59
Joseph	Reid	joseph.reid@gmail.com	(938) 736-0399	de0dea9c156046991459544b3bbb9142
Carl	Paterson	carl.paterson@gmail.com	(962) 263-8322	2e7498419821e3bbc0a2b9fe090192a4
Jacob	Graham	jacob.graham@gmail.com	(541) 650-1508	cd41bc30bebc2e855455b07d72090558
Mary	Peake	mary.peake@gmail.com	(354) 398-4469	f2cab56976fcda8838648317d373d6f7
Karen	Clark	karen.clark@gmail.com	(690) 875-9974	4fe8200fd70634897aa8887b02a95ec7
Charles	Carr	charles.carr@gmail.com	(468) 673-5529	ebab72dd2813e3e8ab2663c381a476b9
Molly	Mathis	molly.mathis@gmail.com	(213) 294-6489	b1981c1f8096e0de7f801b8e30b2590b
Sue	Rutherford	sue.rutherford@gmail.com	(648) 593-6175	0625473844c6547255be85b53ea45983
Nathan	Glover	nathan.glover@gmail.com	(262) 754-8954	a090786816844faa33a698f29ad824f0
Carl	Parr	carl.parr@gmail.com	(864) 355-1031	881914771702a2f2b3217d5845beac5f
Lily	Springer	lily.springer@gmail.com	(823) 741-5694	97730ba287b8e332de9072afce0b62c6
Dan	Peake	dan.peake@gmail.com	(904) 233-2408	a9da82b57c27080e00d03567c967a1c9
Leah	Henderson	leah.henderson@gmail.com	(339) 631-8821	aa27e1a5911e5ebf6c2a3393dcadb855
Sue	Parr	sue.parr@gmail.com	(431) 711-6283	6bca07ad880375d54aaf4730bfeecd6b
Ian	Bell	ian.bell@gmail.com	(901) 844-2989	c08968fc97b5b0c80009c472e8b61c8d
Tim	Sharp	tim.sharp@gmail.com	(737) 970-6098	4f2dbb7aed668d43e5088480ad448cfc
Cameron	Roberts	cameron.roberts@gmail.com	(300) 881-1337	19098896dc1994b86e16c224293ee2eb
Edward	Burgess	edward.burgess@gmail.com	(622) 776-9543	d5e8ab578e31adb752e3b11fd3d90b19
Jasmine	Tucker	jasmine.tucker@gmail.com	(706) 430-3947	3d378bc998a13a16458b21d2cb04a0c7
James	Carr	james.carr@gmail.com	(440) 885-4320	83a071ad746915abc0dcabcc9f64286f
Grace	Walsh	grace.walsh@gmail.com	(404) 908-8014	6b43a4164ec43d76a60a4361a317f49f
Charles	Black	charles.black@gmail.com	(734) 572-5895	254368af02f60ae3d7228f34052c5925
Kevin	Alsop	kevin.alsop@gmail.com	(210) 807-7108	2e2eeaccc90652bf83a6a0f954dad3d5
Dylan	Grant	dylan.grant@gmail.com	(866) 378-2472	316bec78168a6b38357faaec60dac1e4
Benjamin	Hart	benjamin.hart@gmail.com	(755) 932-3099	0f08dae866f2d2d29ef07c1569f25fa0
Sean	Jones	sean.jones@gmail.com	(486) 386-6606	2971803e50583d98409f52b2916858d3
Jonathan	Bell	jonathan.bell@gmail.com	(395) 878-1846	2a630b2bc996be1e77fb6d76ca94b25a
Theresa	Welch	theresa.welch@gmail.com	(212) 653-2260	db59f69ae38be31ebc9dff16596b2513
Benjamin	Powell	benjamin.powell@gmail.com	(416) 971-7434	5d17a50d805966676662d44c6cbc7efb
Christopher	Simpson	christopher.simpson@gmail.com	(601) 608-0254	506df4da9582aaab77749731874eb944
Kimberly	Churchill	kimberly.churchill@gmail.com	(699) 578-6524	d056dc4ea8104dd60e44d47327ba2f4e
Ruth	Kelly	ruth.kelly@gmail.com	(855) 355-9850	bf4a8571942e5675d5110ae2dd846106
Julian	Russell	julian.russell@gmail.com	(691) 752-7651	779fafd5e3358f5aee8dd61c317f7e0c
Angela	Alsop	angela.alsop@gmail.com	(282) 324-8675	4a6b4b529077fa3d67f43e835b0ef6e2
Lisa	McLean	lisa.mclean@gmail.com	(217) 748-6739	27dddcf2e7bccdeeb0ac3fccb54d232e
Alexander	Mackenzie	alexander.mackenzie@gmail.com	(230) 789-1738	a9d640b872e186498c7538f70f699e35
Katherine	Underwood	katherine.underwood@gmail.com	(653) 266-5736	ad5acd80cdae142ea5a176d92c561523
Penelope	Cornish	penelope.cornish@gmail.com	(886) 911-4681	84d2339132fbde1725ebd8ce676baf20
Jonathan	Metcalfe	jonathan.metcalfe@gmail.com	(238) 618-5052	d3c97cf5976e3c73880f972d0b47f22f
Theresa	Miller	theresa.miller@gmail.com	(936) 516-7821	3b07be8c4643fce6e531bff276d3e271
Virginia	Clarkson	virginia.clarkson@gmail.com	(302) 463-1775	1a68d4bcf91ead9e0b7cd6d4bc9c39e9
Neil	Scott	neil.scott@gmail.com	(793) 572-5889	d7efbd279203a59cffde72252825a6f4
Evan	Powell	evan.powell@gmail.com	(393) 777-3080	9eebdaba23628a0a0dac060bef55d742
Neil	Anderson	neil.anderson@gmail.com	(524) 603-1576	6636447621435ae1e5fb1b6747c3770e
Madeleine	Peake	madeleine.peake@gmail.com	(922) 414-1386	838ce2519f3190105b48e50588b6b61a
Peter	Murray	peter.murray@gmail.com	(437) 253-4572	05a0bce36c6486cfde6092d216000263
Donna	Coleman	donna.coleman@gmail.com	(918) 511-5019	ceb3112b4dea5181c52e56c26ae61a3a
Boris	Quinn	boris.quinn@gmail.com	(956) 657-9655	166810d1b323e6a1ec8aeeef7ff79ddc
Maria	Davidson	maria.davidson@gmail.com	(458) 887-1278	297e888e4ebd6ce23caf27697dec40eb
Faith	Robertson	faith.robertson@gmail.com	(778) 254-1461	230c4d0352ba13c9b8a6738f833d67d0
Karen	Jones	karen.jones@gmail.com	(952) 618-1295	0152a6696f073862e711230d5606698f
John	Burgess	john.burgess@gmail.com	(294) 914-9430	22636f4c163cd371666db0e127c6a844
Wanda	Poole	wanda.poole@gmail.com	(800) 501-3777	668bb0828e64ef32cc85a19066fdb7db
Virginia	Johnston	virginia.johnston@gmail.com	(737) 791-4028	ab734bdab52aed4e971f2d85401577ef
Lily	Davidson	lily.davidson@gmail.com	(882) 399-2632	340b7a2953e5027a5d9ea974640cbaee
Lauren	Avery	lauren.avery@gmail.com	(583) 674-9882	f643a8201514ba8a13018e07fcbe092f
Emma	Robertson	emma.robertson@gmail.com	(532) 952-8667	b7598a8754d90724f8d9c28d050fa2d5
Anna	Howard	anna.howard@gmail.com	(377) 330-1934	8a1294d2057e01f07e8afc175c3308c0
Phil	Murray	phil.murray@gmail.com	(872) 618-3411	f6101af8891427c7b2346c28e9698770
Harry	Greene	harry.greene@gmail.com	(935) 518-2114	c05243663b3f39c4a5f57048d5bd2101
Dominic	McGrath	dominic.mcgrath@gmail.com	(548) 611-6100	5dfb7c7fa1befd411cdbdef80c9a3c7c
Deirdre	Burgess	deirdre.burgess@gmail.com	(817) 806-2276	3592e9dfa95e93aa7c44d9b9dcd4e910
Ryan	Parsons	ryan.parsons@gmail.com	(344) 358-0571	b2b18030c31309f823f3a71b18a73e8b
Jacob	Ferguson	jacob.ferguson@gmail.com	(336) 513-3693	f0ceb558237d477fdc379d720c2aa9f5
Leonard	McLean	leonard.mclean@gmail.com	(942) 639-9967	3b71561b30c2d30f517565f332640aed
Anthony	Berry	anthony.berry@gmail.com	(532) 257-2572	bf5e6e92cc7b9160d10187b60dd6545a
William	Springer	william.springer@gmail.com	(251) 794-7357	e11f967cfa1c793397612a3bd950bf83
Boris	Mackenzie	boris.mackenzie@gmail.com	(468) 210-0515	378f4a6de3972752dc07af1c11a1c5ca
Stewart	Graham	stewart.graham@gmail.com	(663) 314-4211	b04c0d5bdd13a1dba3d1ddc8921db693
Caroline	Allan	caroline.allan@gmail.com	(202) 239-9562	8effff2ee5abf8b50a7530c6ea5353ef
David	Baker	david.baker@gmail.com	(981) 857-1112	b61df1012b3eed199d58812c7d8eb41c
Jasmine	Gill	jasmine.gill@gmail.com	(254) 261-7614	e513dbafc68b8fd4969d020aad2b2dd1
John	Hughes	john.hughes@gmail.com	(990) 350-8053	d24e6fb5dc6500cfef2723f4066f9223
Owen	Stewart	owen.stewart@gmail.com	(412) 281-7260	77c39068f5788cfb48ef1f2899790daa
Sally	Randall	sally.randall@gmail.com	(558) 391-4478	94b986f7526040da9aacfeb988c8125b
Sophie	MacLeod	sophie.macleod@gmail.com	(257) 523-9979	c19aaa4d8c8c373425513b8a214cc8be
Heather	Taylor	heather.taylor@gmail.com	(521) 297-1131	7b1c0c4e74a138a5ab59a6952298010b
Liam	Paige	liam.paige@gmail.com	(988) 808-1636	5a12b8e4c3d4f769fbe659eb293d5ac5
Paul	Mackay	paul.mackay@gmail.com	(715) 209-1398	ee75ab4601620f69b39492d54235995b
Joe	Paterson	joe.paterson@gmail.com	(332) 969-4248	d40c503df04b8e0e91c963e9b8de0844
Simon	Roberts	simon.roberts@gmail.com	(748) 663-1175	94466fce05592b58dc9ab3d378eda4e0
Lillian	Robertson	lillian.robertson@gmail.com	(996) 584-8531	2073027cd392235d457dcc0ea777ae35
Ava	Mackenzie	ava.mackenzie@gmail.com	(379) 631-4636	6e0520d6b37e52852aa40b376ba086ce
Karen	Mackenzie	karen.mackenzie@gmail.com	(618) 373-5102	2ce690f849e5af877a5d0a4b163f51f7
Stephen	Russell	stephen.russell@gmail.com	(662) 523-1315	51d9adb0e0151a1b6f5a2265f461e642
Adrian	James	adrian.james@gmail.com	(263) 224-8730	0d7611ca921056a7d0461bbaa1160aa4
Brian	Mitchell	brian.mitchell@gmail.com	(980) 913-8250	e8ee8120264eec1439e6c57f170bc363
Thomas	Clarkson	thomas.clarkson@gmail.com	(264) 389-1320	f7768cbe28c8bad8082ef5d28156e83a
Amanda	Lawrence	amanda.lawrence@gmail.com	(874) 678-3079	0e0c7b3eaa8eb0db208fd89681c5e006
Joshua	Harris	joshua.harris@gmail.com	(282) 872-4176	a0483e0abb97428e8b5d91e7fc59422c
Mary	Ince	mary.ince@gmail.com	(915) 222-1578	f72d0640f431dd6da5582429de9022a9
Gavin	Metcalfe	gavin.metcalfe@gmail.com	(615) 935-5454	74a8b804314977061777fc2f10f3a82a
Max	Jones	max.jones@gmail.com	(285) 517-7215	f8b69f6144b659302b784ac2d3fce1fe
Audrey	Smith	audrey.smith@gmail.com	(759) 439-2599	ffb191db9a82280101cce469fc6730df
Ryan	Piper	ryan.piper@gmail.com	(697) 771-5484	d3b773063dd6b41e3c585f6c56207b9e
Elizabeth	Bell	elizabeth.bell@gmail.com	(390) 318-7737	90f9c7ae72032a95d9f0de34f32dd444
Bella	Vance	bella.vance@gmail.com	(208) 905-4518	dc91c4e7a8c4d65e632f0d3f7719e341
Jasmine	Berry	jasmine.berry@gmail.com	(946) 928-8817	d2d82a7db6b051e1d1a81cec386b4509
Carl	Alsop	carl.alsop@gmail.com	(575) 636-7411	af6ef26062ac5ed0e62d4ed0453887a0
Matt	Hunter	matt.hunter@gmail.com	(773) 356-8980	09ee6fa90e9045540cd9c4458a177d23
Felicity	Henderson	felicity.henderson@gmail.com	(655) 747-5224	18d5e8ad9b3c2dd7d12d6e388061f4c3
Justin	Bower	justin.bower@gmail.com	(294) 240-6286	940445139a615f457164ca2921bf7093
Sam	Springer	sam.springer@gmail.com	(399) 434-4783	e278fba1b2da5a924a9a78f106ee1eec
Rebecca	Fraser	rebecca.fraser@gmail.com	(395) 764-7824	d17bdad62b5fadee56a3d7e68ff627e5
Amelia	Chapman	amelia.chapman@gmail.com	(546) 853-2140	40e72966e2cbac930a1ac883415b5c0d
Amelia	Parr	amelia.parr@gmail.com	(744) 619-8669	ae85d302beb8a79234f4626bedc66dbb
Melanie	North	melanie.north@gmail.com	(394) 711-0600	7c59c252d90dd44e9c3d26dbe13b6760
Dan	Lambert	dan.lambert@gmail.com	(440) 376-0799	c4ab56131ceb0bdc33281a95c834c68e
Karen	Slater	karen.slater@gmail.com	(220) 736-8304	d46596c51e98291a4f82764bf38a35eb
Luke	Kerr	luke.kerr@gmail.com	(201) 439-9949	3f1cb9f66e77c0d3211b7ebcb243098f
Lucas	Butler	lucas.butler@gmail.com	(730) 533-2266	e7cc7165585511b2a4f80d29491feafc
Gordon	Smith	gordon.smith@gmail.com	(570) 771-9237	2218708c830afcb59ae489779a7e7dcf
Frank	Scott	frank.scott@gmail.com	(385) 482-0110	46d4431f7ac412412aeac301cc715cda
David	Thomson	david.thomson@gmail.com	(929) 985-3830	bab76b87ea773c766929c96fb0cbbc05
Robert	Newman	robert.newman@gmail.com	(409) 559-7270	61acfa4da1d7a8af9a8856d6aa7f4601
Jonathan	Wilkins	jonathan.wilkins@gmail.com	(915) 704-9014	dbdad7ae95720ce519fe75f28abae1c5
Phil	MacLeod	phil.macleod@gmail.com	(504) 717-4440	0aab85f37084272cec87216bfb9d0dbc
Sam	Sutherland	sam.sutherland@gmail.com	(704) 903-9869	18563e1de7324d532ad25e0a69e4c6d8
Max	King	max.king@gmail.com	(899) 332-8944	3fd7cd7eb576c25484a05dc11823e348
David	Wallace	david.wallace@gmail.com	(456) 655-0668	d08a8f484f2d07338179829e7a5839da
Kimberly	Watson	kimberly.watson@gmail.com	(732) 712-9032	4b6036a2e9579c12adaf46d50eb5ec8a
Joan	Churchill	joan.churchill@gmail.com	(379) 989-7549	28611b6f70e7632f76ad979c31deb9ba
Deirdre	Fraser	deirdre.fraser@gmail.com	(549) 483-6962	a33012e7f6c8b9e1ba25a6348c5b49d3
Matt	Piper	matt.piper@gmail.com	(576) 309-4545	a26bf2a10fc50d4ba826fa573b239041
Peter	Gray	peter.gray@gmail.com	(560) 711-5292	7c72cbf5e109336ebff93f823bd54121
Sophie	Harris	sophie.harris@gmail.com	(872) 720-7617	a11765f44355f4f645eeffac6b21c6f1
Sophie	Avery	sophie.avery@gmail.com	(946) 378-9319	744c2232c78991b32e6cb005728c244c
Nicholas	Mills	nicholas.mills@gmail.com	(881) 211-8064	750439ea75a4edfcd5018f8cd45a2d37
Diana	Stewart	diana.stewart@gmail.com	(929) 888-3551	872d27d00f9cb4f5561a2333f029c0d1
Sue	Tucker	sue.tucker@gmail.com	(939) 252-3166	1051b26cdf94b954f2b4ced2732b015a
Victor	Anderson	victor.anderson@gmail.com	(530) 283-5756	c0d783beb2fcea337ca903336bde28b1
Emily	Wallace	emily.wallace@gmail.com	(754) 469-6838	70a8c2b749c31e7d607be23bcb8caa06
Una	Dyer	una.dyer@gmail.com	(704) 711-4432	53dd2eed41fd47e7bbbfac2b727634c7
Nathan	North	nathan.north@gmail.com	(677) 943-9943	44eb57a375a92a38b74116d6cbe8b88f
Dan	Baker	dan.baker@gmail.com	(825) 761-8641	ec76de76216befaa1e5986098be2d200
Carol	Clark	carol.clark@gmail.com	(703) 338-1593	1b52e19ada59834b2daf73e7f99f0a98
Kevin	Parr	kevin.parr@gmail.com	(509) 908-2937	4f28847b1536dbab0a7ca78c22a3b383
Natalie	Edmunds	natalie.edmunds@gmail.com	(545) 840-4132	52c4e14f2ddb12a41260440d93ceb255
Victoria	Bower	victoria.bower@gmail.com	(854) 726-8086	0540cd7778d378838ccc5d89857eb47f
Bella	Watson	bella.watson@gmail.com	(300) 350-8896	b00bd2f13ec1520f398f4b061908351d
Stewart	Terry	stewart.terry@gmail.com	(946) 737-5548	bb6c4fd6f1db33d7688f622295ace86d
Caroline	Bailey	caroline.bailey@gmail.com	(222) 968-7290	0afb301add7292c08a888aed14ea9444
Jonathan	Blake	jonathan.blake@gmail.com	(654) 277-7654	ff4b1458f3eb32b264648e3fe30d7ea6
Richard	Reid	richard.reid@gmail.com	(452) 227-1827	287981bbef5ca344eae519d37c660853
Michelle	Skinner	michelle.skinner@gmail.com	(932) 732-5769	627962a5385c1693a6f29cd0dd87f3e3
Peter	Henderson	peter.henderson@gmail.com	(619) 535-6390	b2b98ea99d1a2544f21d0078034fdd57
Jennifer	Thomson	jennifer.thomson@gmail.com	(474) 794-1932	3d8aac1a0765be23839c7d17dee0e38e
Claire	McDonald	claire.mcdonald@gmail.com	(298) 895-8723	107aced42bbb3f53660e9bf7c117e8cf
Deirdre	Wilkins	deirdre.wilkins@gmail.com	(713) 224-0761	5f17f8f0f30984eb527810216a778e9a
Jonathan	Murray	jonathan.murray@gmail.com	(886) 584-5097	eaf7d872c14e7ffa9dfbffe3b224dfd6
Jessica	Peters	jessica.peters@gmail.com	(791) 206-1350	eebd7fd07dcb622a944e5f9eb38bbcd0
Warren	Roberts	warren.roberts@gmail.com	(430) 369-7903	5d86a82a11c8f4ac25714e062c1abf80
Carolyn	Nolan	carolyn.nolan@gmail.com	(610) 504-2920	f0c08d57054b9c61a4753248f757575a
Victor	Campbell	victor.campbell@gmail.com	(839) 834-2646	541a6c32d6b5a4128db930ae895e27c3
Owen	Mackay	owen.mackay@gmail.com	(463) 473-8822	1b7df72c0e193af7410f722d3707921e
Justin	Metcalfe	justin.metcalfe@gmail.com	(933) 951-1975	af72016c75aab8987459d57ac21254f0
Lauren	Rampling	lauren.rampling@gmail.com	(790) 397-4775	b13b4374be3e0b1b6e33d3fcbde0437a
Michelle	Sutherland	michelle.sutherland@gmail.com	(963) 470-9398	2548b4043bd9ca52e947cf4629d946db
Lillian	Vaughan	lillian.vaughan@gmail.com	(563) 711-6052	69827514c58063bddb11b9f8579a5b30
Peter	Hart	peter.hart@gmail.com	(290) 602-4889	361316c4df3fadc88b13e87756077eb5
Ruth	Payne	ruth.payne@gmail.com	(996) 233-7201	b1e483727b2ba8de91dfde2de45b60f6
Ruth	Mitchell	ruth.mitchell@gmail.com	(630) 692-2062	5e78c8bfcb62ece790666f21b52c48d2
Gavin	Ferguson	gavin.ferguson@gmail.com	(486) 661-9618	063e0ee42c05d523b365fa31c10c3e98
Luke	Hill	luke.hill@gmail.com	(393) 309-9494	470a249112d525802e776fc5fa5d3c77
Jan	Martin	jan.martin@gmail.com	(637) 959-9347	5d489b7418e6c745ef913e6f25d86740
Alan	Dowd	alan.dowd@gmail.com	(544) 557-4745	24b72268caa367431ecfc939f49c8b10
James	Piper	james.piper@gmail.com	(880) 620-3298	a5e4dd9824e2ac2873ab27fe26e0d479
Jacob	Springer	jacob.springer@gmail.com	(947) 774-1249	990b97606a35efc2e624a2c7a311b3b6
Michael	Jones	michael.jones@gmail.com	(394) 378-5115	24683bd95ae742e45f1792fcff4de9bc
Richard	Hudson	richard.hudson@gmail.com	(393) 305-2203	3642705428a0b1dd24d6dc1450c74d66
Ruth	Brown	ruth.brown@gmail.com	(392) 709-1704	c820cbe6016faf6a60325cd4e73767a5
Steven	Ferguson	steven.ferguson@gmail.com	(478) 364-9880	0f807e34d21f6f7c329f6e2e384ab435
Kylie	Fraser	kylie.fraser@gmail.com	(368) 418-4397	d3769a356210609076c4f2882579d50c
Neil	Ince	neil.ince@gmail.com	(767) 737-6257	6747d103cf9eeee1fd6904d5e2a61578
Evan	Lewis	evan.lewis@gmail.com	(926) 204-2873	b0f46a23c890181a775f70fb2593e1f0
Victoria	Manning	victoria.manning@gmail.com	(551) 897-8060	66a64716386bf6f12226fafd96603323
Alexandra	Morrison	alexandra.morrison@gmail.com	(607) 378-8678	9c326053d8f2cb61a1ab454eeba7d119
Boris	Gibson	boris.gibson@gmail.com	(398) 391-9734	5bc11557e56ac305cedbc9101414ae7d
Tim	Graham	tim.graham@gmail.com	(593) 958-1844	f49544144c52e8522d44444f1bbb7580
Dan	Burgess	dan.burgess@gmail.com	(956) 620-4437	fd06166b65f8f15c3b79c3e032320b4a
Jason	Underwood	jason.underwood@gmail.com	(251) 485-1750	6ce15845642cb744cd64447d9b1d900b
Charles	Buckland	charles.buckland@gmail.com	(940) 423-2769	d6050c2403c5177931196529fe3c4c18
Kevin	Morrison	kevin.morrison@gmail.com	(960) 338-0633	3bb9c2ef265a3ca6aed022cff3c9d8a8
Joe	Reid	joe.reid@gmail.com	(262) 517-3213	33b33582d8348d5549f35bade101cd2e
Katherine	Smith	katherine.smith@gmail.com	(371) 850-9892	f26e6991af9b452eb9c0bdf60f8c09cf
Trevor	Peake	trevor.peake@gmail.com	(394) 802-3727	9a3d46f331c3886c2f9cf25cd62d64da
Justin	Powell	justin.powell@gmail.com	(846) 402-9708	bdd2ab694717ca8ac5cb4011486c3176
Jonathan	Slater	jonathan.slater@gmail.com	(299) 555-3156	ec76c01d7f7b5a919f655ae1facaf2d4
Wendy	Berry	wendy.berry@gmail.com	(252) 455-3889	9eb7cda1e19eff53610d2c076f91d543
Sally	James	sally.james@gmail.com	(966) 424-2275	5ee463c20242184741ebfb1accbf3d26
Connor	Vaughan	connor.vaughan@gmail.com	(423) 737-0037	4bf8aa422f41995b8e27880aca776ede
Tim	Russell	tim.russell@gmail.com	(780) 954-1613	2eba126898f4e9ebba9dbee49a75e047
Victor	Bell	victor.bell@gmail.com	(383) 328-5559	f326f921ee5cbb2de8b52e136544736d
Blake	Ferguson	blake.ferguson@gmail.com	(814) 648-6842	3a2ac1ebfa7df61c88cff0a19882411a
Ruth	Manning	ruth.manning@gmail.com	(404) 231-0171	2c2cf5a93e3024e159c6a6647a0ceb64
Victor	Smith	victor.smith@gmail.com	(812) 684-3460	e692beb5bd86b756056f67023421534b
