John	Gibson	john.gibson@example.com	(894) 280-4660	$2a$12$RwfoAooW.NM6Gj6j6BeqC.NpXCfOmdmIzGf3BrmMwfm7bdS5q7yty
Austin	Quinn	austin.quinn@example.com	(465) 953-0789	$2a$12$RwfoAooW.NM6Gj6j6BeqC.NpXCfOmdmIzGf3BrmMwfm7bdS5q7yty
Richard	Sanderson	richard.sanderson@example.com	(624) 279-7435	$2a$12$RwfoAooW.NM6Gj6j6BeqC.NpXCfOmdmIzGf3BrmMwfm7bdS5q7yty
Matt	Coleman	matt.coleman@example.com	(957) 332-8815	$2a$12$RwfoAooW.NM6Gj6j6BeqC.NpXCfOmdmIzGf3BrmMwfm7bdS5q7yty
Leonard	Bond	leonard.bond@example.com	(987) 624-0657	$2a$12$RwfoAooW.NM6Gj6j6BeqC.NpXCfOmdmIzGf3BrmMwfm7bdS5q7yty
Rebecca	Coleman	rebecca.coleman@example.com	(222) 372-1869	$2a$12$RwfoAooW.NM6Gj6j6BeqC.NpXCfOmdmIzGf3BrmMwfm7bdS5q7yty
Lily	Baker	lily.baker@example.com	(768) 448-9726	$2a$12$RwfoAooW.NM6Gj6j6BeqC.NpXCfOmdmIzGf3BrmMwfm7bdS5q7yty
Justin	Wallace	justin.wallace@example.com	(938) 600-9516	$2a$12$RwfoAooW.NM6Gj6j6BeqC.NpXCfOmdmIzGf3BrmMwfm7bdS5q7yty
Andrea	Davidson	andrea.davidson@example.com	(779) 213-8730	$2a$12$RwfoAooW.NM6Gj6j6BeqC.NpXCfOmdmIzGf3BrmMwfm7bdS5q7yty
Vanessa	Miller	vanessa.miller@example.com	(762) 943-5697	$2a$12$RwfoAooW.NM6Gj6j6BeqC.NpXCfOmdmIzGf3BrmMwfm7bdS5q7yty
Isaac	Vaughan	isaac.vaughan@example.com	(430) 649-8905	$2a$12$RwfoAooW.NM6Gj6j6BeqC.NpXCfOmdmIzGf3BrmMwfm7bdS5q7yty
Christian	Lambert	christian.lambert@example.com	(420) 240-6714	$2a$12$RwfoAooW.NM6Gj6j6BeqC.NpXCfOmdmIzGf3BrmMwfm7bdS5q7yty
Faith	Young	faith.young@example.com	(946) 568-9699	$2a$12$RwfoAooW.NM6Gj6j6BeqC.NpXCfOmdmIzGf3BrmMwfm7bdS5q7yty
Madeleine	Buckland	madeleine.buckland@example.com	(376) 781-8418	$2a$12$RwfoAooW.NM6Gj6j6BeqC.NpXCfOmdmIzGf3BrmMwfm7bdS5q7yty
Elizabeth	Sharp	elizabeth.sharp@example.com	(519) 817-9305	$2a$12$RwfoAooW.NM6Gj6j6BeqC.NpXCfOmdmIzGf3BrmMwfm7bdS5q7yty
Lauren	Poole	lauren.poole@example.com	(811) 492-9711	$2a$12$RwfoAooW.NM6Gj6j6BeqC.NpXCfOmdmIzGf3BrmMwfm7bdS5q7yty
Stewart	Dowd	stewart.dowd@example.com	(380) 653-8711	$2a$12$RwfoAooW.NM6Gj6j6BeqC.NpXCfOmdmIzGf3BrmMwfm7bdS5q7yty
Andrew	Campbell	andrew.campbell@example.com	(477) 703-5707	$2a$12$RwfoAooW.NM6Gj6j6BeqC.NpXCfOmdmIzGf3BrmMwfm7bdS5q7yty
Kimberly	Paterson	kimberly.paterson@example.com	(698) 636-8035	$2a$12$RwfoAooW.NM6Gj6j6BeqC.NpXCfOmdmIzGf3BrmMwfm7bdS5q7yty
John	Randall	john.randall@example.com	(381) 765-9978	$2a$12$RwfoAooW.NM6Gj6j6BeqC.NpXCfOmdmIzGf3BrmMwfm7bdS5q7yty
Dominic	Fraser	dominic.fraser@example.com	(506) 585-6003	$2a$12$RwfoAooW.NM6Gj6j6BeqC.NpXCfOmdmIzGf3BrmMwfm7bdS5q7yty
Sean	Welch	sean.welch@example.com	(532) 746-0236	$2a$12$RwfoAooW.NM6Gj6j6BeqC.NpXCfOmdmIzGf3BrmMwfm7bdS5q7yty
Alexander	Newman	alexander.newman@example.com	(897) 440-8037	$2a$12$RwfoAooW.NM6Gj6j6BeqC.NpXCfOmdmIzGf3BrmMwfm7bdS5q7yty
Victor	Taylor	victor.taylor@example.com	(709) 785-5008	$2a$12$RwfoAooW.NM6Gj6j6BeqC.NpXCfOmdmIzGf3BrmMwfm7bdS5q7yty
Natalie	Walsh	natalie.walsh@example.com	(218) 240-6337	$2a$12$RwfoAooW.NM6Gj6j6BeqC.NpXCfOmdmIzGf3BrmMwfm7bdS5q7yty
Evan	Morgan	evan.morgan@example.com	(498) 225-7495	$2a$12$RwfoAooW.NM6Gj6j6BeqC.NpXCfOmdmIzGf3BrmMwfm7bdS5q7yty
Stephen	Payne	stephen.payne@example.com	(732) 971-7207	$2a$12$RwfoAooW.NM6Gj6j6BeqC.NpXCfOmdmIzGf3BrmMwfm7bdS5q7yty
Michael	Coleman	michael.coleman@example.com	(946) 252-7173	$2a$12$RwfoAooW.NM6Gj6j6BeqC.NpXCfOmdmIzGf3BrmMwfm7bdS5q7yty
Lillian	Hill	lillian.hill@example.com	(311) 628-4839	$2a$12$RwfoAooW.NM6Gj6j6BeqC.NpXCfOmdmIzGf3BrmMwfm7bdS5q7yty
Edward	Watson	edward.watson@example.com	(631) 784-6096	$2a$12$RwfoAooW.NM6Gj6j6BeqC.NpXCfOmdmIzGf3BrmMwfm7bdS5q7yty
Christopher	Terry	christopher.terry@example.com	(215) 427-9042	$2a$12$RwfoAooW.NM6Gj6j6BeqC.NpXCfOmdmIzGf3BrmMwfm7bdS5q7yty
Robert	Dyer	robert.dyer@example.com	(356) 259-7044	$2a$12$RwfoAooW.NM6Gj6j6BeqC.NpXCfOmdmIzGf3BrmMwfm7bdS5q7yty
Stephen	Black	stephen.black@example.com	(503) 915-0509	$2a$12$RwfoAooW.NM6Gj6j6BeqC.NpXCfOmdmIzGf3BrmMwfm7bdS5q7yty
Una	Bower	una.bower@example.com	(629) 723-9748	$2a$12$RwfoAooW.NM6Gj6j6BeqC.NpXCfOmdmIzGf3BrmMwfm7bdS5q7yty
Dylan	Mackay	dylan.mackay@example.com	(661) 978-0448	$2a$12$RwfoAooW.NM6Gj6j6BeqC.NpXCfOmdmIzGf3BrmMwfm7bdS5q7yty
Boris	Bower	boris.bower@example.com	(433) 787-8392	$2a$12$RwfoAooW.NM6Gj6j6BeqC.NpXCfOmdmIzGf3BrmMwfm7bdS5q7yty
Steven	McDonald	steven.mcdonald@example.com	(553) 699-2426	$2a$12$RwfoAooW.NM6Gj6j6BeqC.NpXCfOmdmIzGf3BrmMwfm7bdS5q7yty
Sophie	Watson	sophie.watson@example.com	(426) 506-2736	$2a$12$RwfoAooW.NM6Gj6j6BeqC.NpXCfOmdmIzGf3BrmMwfm7bdS5q7yty
Victor	Parr	victor.parr@example.com	(732) 977-4638	$2a$12$RwfoAooW.NM6Gj6j6BeqC.NpXCfOmdmIzGf3BrmMwfm7bdS5q7yty
Cameron	Metcalfe	cameron.metcalfe@example.com	(861) 305-9132	$2a$12$RwfoAooW.NM6Gj6j6BeqC.NpXCfOmdmIzGf3BrmMwfm7bdS5q7yty
Christopher	Smith	christopher.smith@example.com	(558) 874-0873	$2a$12$RwfoAooW.NM6Gj6j6BeqC.NpXCfOmdmIzGf3BrmMwfm7bdS5q7yty
Richard	Butler	richard.butler@example.com	(832) 390-8347	$2a$12$RwfoAooW.NM6Gj6j6BeqC.NpXCfOmdmIzGf3BrmMwfm7bdS5q7yty
Charles	Cameron	charles.cameron@example.com	(679) 910-4065	$2a$12$RwfoAooW.NM6Gj6j6BeqC.NpXCfOmdmIzGf3BrmMwfm7bdS5q7yty
Theresa	Oliver	theresa.oliver@example.com	(587) 829-6878	$2a$12$RwfoAooW.NM6Gj6j6BeqC.NpXCfOmdmIzGf3BrmMwfm7bdS5q7yty
Tracey	Lee	tracey.lee@example.com	(944) 241-5254	$2a$12$RwfoAooW.NM6Gj6j6BeqC.NpXCfOmdmIzGf3BrmMwfm7bdS5q7yty
Adam	Wilkins	adam.wilkins@example.com	(530) 276-4041	$2a$12$RwfoAooW.NM6Gj6j6BeqC.NpXCfOmdmIzGf3BrmMwfm7bdS5q7yty
Tracey	Grant	tracey.grant@example.com	(951) 409-8614	$2a$12$RwfoAooW.NM6Gj6j6BeqC.NpXCfOmdmIzGf3BrmMwfm7bdS5q7yty
Jennifer	Glover	jennifer.glover@example.com	(265) 349-9800	$2a$12$RwfoAooW.NM6Gj6j6BeqC.NpXCfOmdmIzGf3BrmMwfm7bdS5q7yty
Ava	Murray	ava.murray@example.com	(754) 620-9147	$2a$12$RwfoAooW.NM6Gj6j6BeqC.NpXCfOmdmIzGf3BrmMwfm7bdS5q7yty
Evan	Bell	evan.bell@example.com	(434) 660-4172	$2a$12$RwfoAooW.NM6Gj6j6BeqC.NpXCfOmdmIzGf3BrmMwfm7bdS5q7yty
Caroline	Mathis	caroline.mathis@example.com	(728) 883-5958	$2a$12$RwfoAooW.NM6Gj6j6BeqC.NpXCfOmdmIzGf3BrmMwfm7bdS5q7yty
Dan	Glover	dan.glover@example.com	(881) 902-6364	$2a$12$RwfoAooW.NM6Gj6j6BeqC.NpXCfOmdmIzGf3BrmMwfm7bdS5q7yty
Rachel	May	rachel.may@example.com	(577) 424-2611	$2a$12$RwfoAooW.NM6Gj6j6BeqC.NpXCfOmdmIzGf3BrmMwfm7bdS5q7yty
Ella	Oliver	ella.oliver@example.com	(508) 280-1997	$2a$12$RwfoAooW.NM6Gj6j6BeqC.NpXCfOmdmIzGf3BrmMwfm7bdS5q7yty
Joseph	Reid	joseph.reid@example.com	(938) 736-0399	$2a$12$RwfoAooW.NM6Gj6j6BeqC.NpXCfOmdmIzGf3BrmMwfm7bdS5q7yty
Carl	Paterson	carl.paterson@example.com	(962) 263-8322	$2a$12$RwfoAooW.NM6Gj6j6BeqC.NpXCfOmdmIzGf3BrmMwfm7bdS5q7yty
Jacob	Graham	jacob.graham@example.com	(541) 650-1508	$2a$12$RwfoAooW.NM6Gj6j6BeqC.NpXCfOmdmIzGf3BrmMwfm7bdS5q7yty
Mary	Peake	mary.peake@example.com	(354) 398-4469	$2a$12$RwfoAooW.NM6Gj6j6BeqC.NpXCfOmdmIzGf3BrmMwfm7bdS5q7yty
Karen	Clark	karen.clark@example.com	(690) 875-9974	$2a$12$RwfoAooW.NM6Gj6j6BeqC.NpXCfOmdmIzGf3BrmMwfm7bdS5q7yty
Charles	Carr	charles.carr@example.com	(468) 673-5529	$2a$12$RwfoAooW.NM6Gj6j6BeqC.NpXCfOmdmIzGf3BrmMwfm7bdS5q7yty
Molly	Mathis	molly.mathis@example.com	(213) 294-6489	$2a$12$RwfoAooW.NM6Gj6j6BeqC.NpXCfOmdmIzGf3BrmMwfm7bdS5q7yty
Sue	Rutherford	sue.rutherford@example.com	(648) 593-6175	$2a$12$RwfoAooW.NM6Gj6j6BeqC.NpXCfOmdmIzGf3BrmMwfm7bdS5q7yty
Nathan	Glover	nathan.glover@example.com	(262) 754-8954	$2a$12$RwfoAooW.NM6Gj6j6BeqC.NpXCfOmdmIzGf3BrmMwfm7bdS5q7yty
Carl	Parr	carl.parr@example.com	(864) 355-1031	$2a$12$RwfoAooW.NM6Gj6j6BeqC.NpXCfOmdmIzGf3BrmMwfm7bdS5q7yty
Lily	Springer	lily.springer@example.com	(823) 741-5694	$2a$12$RwfoAooW.NM6Gj6j6BeqC.NpXCfOmdmIzGf3BrmMwfm7bdS5q7yty
Dan	Peake	dan.peake@example.com	(904) 233-2408	$2a$12$RwfoAooW.NM6Gj6j6BeqC.NpXCfOmdmIzGf3BrmMwfm7bdS5q7yty
Leah	Henderson	leah.henderson@example.com	(339) 631-8821	$2a$12$RwfoAooW.NM6Gj6j6BeqC.NpXCfOmdmIzGf3BrmMwfm7bdS5q7yty
Sue	Parr	sue.parr@example.com	(431) 711-6283	$2a$12$RwfoAooW.NM6Gj6j6BeqC.NpXCfOmdmIzGf3BrmMwfm7bdS5q7yty
Ian	Bell	ian.bell@example.com	(901) 844-2989	$2a$12$RwfoAooW.NM6Gj6j6BeqC.NpXCfOmdmIzGf3BrmMwfm7bdS5q7yty
Tim	Sharp	tim.sharp@example.com	(737) 970-6098	$2a$12$RwfoAooW.NM6Gj6j6BeqC.NpXCfOmdmIzGf3BrmMwfm7bdS5q7yty
Cameron	Roberts	cameron.roberts@example.com	(300) 881-1337	$2a$12$RwfoAooW.NM6Gj6j6BeqC.NpXCfOmdmIzGf3BrmMwfm7bdS5q7yty
Edward	Burgess	edward.burgess@example.com	(622) 776-9543	$2a$12$RwfoAooW.NM6Gj6j6BeqC.NpXCfOmdmIzGf3BrmMwfm7bdS5q7yty
Jasmine	Tucker	jasmine.tucker@example.com	(706) 430-3947	$2a$12$RwfoAooW.NM6Gj6j6BeqC.NpXCfOmdmIzGf3BrmMwfm7bdS5q7yty
James	Carr	james.carr@example.com	(440) 885-4320	$2a$12$RwfoAooW.NM6Gj6j6BeqC.NpXCfOmdmIzGf3BrmMwfm7bdS5q7yty
Grace	Walsh	grace.walsh@example.com	(404) 908-8014	$2a$12$RwfoAooW.NM6Gj6j6BeqC.NpXCfOmdmIzGf3BrmMwfm7bdS5q7yty
Charles	Black	charles.black@example.com	(734) 572-5895	$2a$12$RwfoAooW.NM6Gj6j6BeqC.NpXCfOmdmIzGf3BrmMwfm7bdS5q7yty
Kevin	Alsop	kevin.alsop@example.com	(210) 807-7108	$2a$12$RwfoAooW.NM6Gj6j6BeqC.NpXCfOmdmIzGf3BrmMwfm7bdS5q7yty
Dylan	Grant	dylan.grant@example.com	(866) 378-2472	$2a$12$RwfoAooW.NM6Gj6j6BeqC.NpXCfOmdmIzGf3BrmMwfm7bdS5q7yty
Benjamin	Hart	benjamin.hart@example.com	(755) 932-3099	$2a$12$RwfoAooW.NM6Gj6j6BeqC.NpXCfOmdmIzGf3BrmMwfm7bdS5q7yty
Sean	Jones	sean.jones@example.com	(486) 386-6606	$2a$12$RwfoAooW.NM6Gj6j6BeqC.NpXCfOmdmIzGf3BrmMwfm7bdS5q7yty
Jonathan	Bell	jonathan.bell@example.com	(395) 878-1846	$2a$12$RwfoAooW.NM6Gj6j6BeqC.NpXCfOmdmIzGf3BrmMwfm7bdS5q7yty
Theresa	Welch	theresa.welch@example.com	(212) 653-2260	$2a$12$RwfoAooW.NM6Gj6j6BeqC.NpXCfOmdmIzGf3BrmMwfm7bdS5q7yty
Benjamin	Powell	benjamin.powell@example.com	(416) 971-7434	$2a$12$RwfoAooW.NM6Gj6j6BeqC.NpXCfOmdmIzGf3BrmMwfm7bdS5q7yty
Christopher	Simpson	christopher.simpson@example.com	(601) 608-0254	$2a$12$RwfoAooW.NM6Gj6j6BeqC.NpXCfOmdmIzGf3BrmMwfm7bdS5q7yty
Kimberly	Churchill	kimberly.churchill@example.com	(699) 578-6524	$2a$12$RwfoAooW.NM6Gj6j6BeqC.NpXCfOmdmIzGf3BrmMwfm7bdS5q7yty
Ruth	Kelly	ruth.kelly@example.com	(855) 355-9850	$2a$12$RwfoAooW.NM6Gj6j6BeqC.NpXCfOmdmIzGf3BrmMwfm7bdS5q7yty
Julian	Russell	julian.russell@example.com	(691) 752-7651	$2a$12$RwfoAooW.NM6Gj6j6BeqC.NpXCfOmdmIzGf3BrmMwfm7bdS5q7yty
Angela	Alsop	angela.alsop@example.com	(282) 324-8675	$2a$12$RwfoAooW.NM6Gj6j6BeqC.NpXCfOmdmIzGf3BrmMwfm7bdS5q7yty
Lisa	McLean	lisa.mclean@example.com	(217) 748-6739	$2a$12$RwfoAooW.NM6Gj6j6BeqC.NpXCfOmdmIzGf3BrmMwfm7bdS5q7yty
Alexander	Mackenzie	alexander.mackenzie@example.com	(230) 789-1738	$2a$12$RwfoAooW.NM6Gj6j6BeqC.NpXCfOmdmIzGf3BrmMwfm7bdS5q7yty
Katherine	Underwood	katherine.underwood@example.com	(653) 266-5736	$2a$12$RwfoAooW.NM6Gj6j6BeqC.NpXCfOmdmIzGf3BrmMwfm7bdS5q7yty
Penelope	Cornish	penelope.cornish@example.com	(886) 911-4681	$2a$12$RwfoAooW.NM6Gj6j6BeqC.NpXCfOmdmIzGf3BrmMwfm7bdS5q7yty
Jonathan	Metcalfe	jonathan.metcalfe@example.com	(238) 618-5052	$2a$12$RwfoAooW.NM6Gj6j6BeqC.NpXCfOmdmIzGf3BrmMwfm7bdS5q7yty
Theresa	Miller	theresa.miller@example.com	(936) 516-7821	$2a$12$RwfoAooW.NM6Gj6j6BeqC.NpXCfOmdmIzGf3BrmMwfm7bdS5q7yty
Virginia	Clarkson	virginia.clarkson@example.com	(302) 463-1775	$2a$12$RwfoAooW.NM6Gj6j6BeqC.NpXCfOmdmIzGf3BrmMwfm7bdS5q7yty
Neil	Scott	neil.scott@example.com	(793) 572-5889	$2a$12$RwfoAooW.NM6Gj6j6BeqC.NpXCfOmdmIzGf3BrmMwfm7bdS5q7yty
Evan	Powell	evan.powell@example.com	(393) 777-3080	$2a$12$RwfoAooW.NM6Gj6j6BeqC.NpXCfOmdmIzGf3BrmMwfm7bdS5q7yty
Neil	Anderson	neil.anderson@example.com	(524) 603-1576	$2a$12$RwfoAooW.NM6Gj6j6BeqC.NpXCfOmdmIzGf3BrmMwfm7bdS5q7yty
Madeleine	Peake	madeleine.peake@example.com	(922) 414-1386	$2a$12$RwfoAooW.NM6Gj6j6BeqC.NpXCfOmdmIzGf3BrmMwfm7bdS5q7yty
Peter	Murray	peter.murray@example.com	(437) 253-4572	$2a$12$RwfoAooW.NM6Gj6j6BeqC.NpXCfOmdmIzGf3BrmMwfm7bdS5q7yty
Donna	Coleman	donna.coleman@example.com	(918) 511-5019	$2a$12$RwfoAooW.NM6Gj6j6BeqC.NpXCfOmdmIzGf3BrmMwfm7bdS5q7yty
Boris	Quinn	boris.quinn@example.com	(956) 657-9655	$2a$12$RwfoAooW.NM6Gj6j6BeqC.NpXCfOmdmIzGf3BrmMwfm7bdS5q7yty
Maria	Davidson	maria.davidson@example.com	(458) 887-1278	$2a$12$RwfoAooW.NM6Gj6j6BeqC.NpXCfOmdmIzGf3BrmMwfm7bdS5q7yty
Faith	Robertson	faith.robertson@example.com	(778) 254-1461	$2a$12$RwfoAooW.NM6Gj6j6BeqC.NpXCfOmdmIzGf3BrmMwfm7bdS5q7yty
Karen	Jones	karen.jones@example.com	(952) 618-1295	$2a$12$RwfoAooW.NM6Gj6j6BeqC.NpXCfOmdmIzGf3BrmMwfm7bdS5q7yty
John	Burgess	john.burgess@example.com	(294) 914-9430	$2a$12$RwfoAooW.NM6Gj6j6BeqC.NpXCfOmdmIzGf3BrmMwfm7bdS5q7yty
Wanda	Poole	wanda.poole@example.com	(800) 501-3777	$2a$12$RwfoAooW.NM6Gj6j6BeqC.NpXCfOmdmIzGf3BrmMwfm7bdS5q7yty
Virginia	Johnston	virginia.johnston@example.com	(737) 791-4028	$2a$12$RwfoAooW.NM6Gj6j6BeqC.NpXCfOmdmIzGf3BrmMwfm7bdS5q7yty
Lily	Davidson	lily.davidson@example.com	(882) 399-2632	$2a$12$RwfoAooW.NM6Gj6j6BeqC.NpXCfOmdmIzGf3BrmMwfm7bdS5q7yty
Lauren	Avery	lauren.avery@example.com	(583) 674-9882	$2a$12$RwfoAooW.NM6Gj6j6BeqC.NpXCfOmdmIzGf3BrmMwfm7bdS5q7yty
Emma	Robertson	emma.robertson@example.com	(532) 952-8667	$2a$12$RwfoAooW.NM6Gj6j6BeqC.NpXCfOmdmIzGf3BrmMwfm7bdS5q7yty
Anna	Howard	anna.howard@example.com	(377) 330-1934	$2a$12$RwfoAooW.NM6Gj6j6BeqC.NpXCfOmdmIzGf3BrmMwfm7bdS5q7yty
Phil	Murray	phil.murray@example.com	(872) 618-3411	$2a$12$RwfoAooW.NM6Gj6j6BeqC.NpXCfOmdmIzGf3BrmMwfm7bdS5q7yty
Harry	Greene	harry.greene@example.com	(935) 518-2114	$2a$12$RwfoAooW.NM6Gj6j6BeqC.NpXCfOmdmIzGf3BrmMwfm7bdS5q7yty
Dominic	McGrath	dominic.mcgrath@example.com	(548) 611-6100	$2a$12$RwfoAooW.NM6Gj6j6BeqC.NpXCfOmdmIzGf3BrmMwfm7bdS5q7yty
Deirdre	Burgess	deirdre.burgess@example.com	(817) 806-2276	$2a$12$RwfoAooW.NM6Gj6j6BeqC.NpXCfOmdmIzGf3BrmMwfm7bdS5q7yty
Ryan	Parsons	ryan.parsons@example.com	(344) 358-0571	$2a$12$RwfoAooW.NM6Gj6j6BeqC.NpXCfOmdmIzGf3BrmMwfm7bdS5q7yty
Jacob	Ferguson	jacob.ferguson@example.com	(336) 513-3693	$2a$12$RwfoAooW.NM6Gj6j6BeqC.NpXCfOmdmIzGf3BrmMwfm7bdS5q7yty
Leonard	McLean	leonard.mclean@example.com	(942) 639-9967	$2a$12$RwfoAooW.NM6Gj6j6BeqC.NpXCfOmdmIzGf3BrmMwfm7bdS5q7yty
Anthony	Berry	anthony.berry@example.com	(532) 257-2572	$2a$12$RwfoAooW.NM6Gj6j6BeqC.NpXCfOmdmIzGf3BrmMwfm7bdS5q7yty
William	Springer	william.springer@example.com	(251) 794-7357	$2a$12$RwfoAooW.NM6Gj6j6BeqC.NpXCfOmdmIzGf3BrmMwfm7bdS5q7yty
Boris	Mackenzie	boris.mackenzie@example.com	(468) 210-0515	$2a$12$RwfoAooW.NM6Gj6j6BeqC.NpXCfOmdmIzGf3BrmMwfm7bdS5q7yty
Stewart	Graham	stewart.graham@example.com	(663) 314-4211	$2a$12$RwfoAooW.NM6Gj6j6BeqC.NpXCfOmdmIzGf3BrmMwfm7bdS5q7yty
Caroline	Allan	caroline.allan@example.com	(202) 239-9562	$2a$12$RwfoAooW.NM6Gj6j6BeqC.NpXCfOmdmIzGf3BrmMwfm7bdS5q7yty
David	Baker	david.baker@example.com	(981) 857-1112	$2a$12$RwfoAooW.NM6Gj6j6BeqC.NpXCfOmdmIzGf3BrmMwfm7bdS5q7yty
Jasmine	Gill	jasmine.gill@example.com	(254) 261-7614	$2a$12$RwfoAooW.NM6Gj6j6BeqC.NpXCfOmdmIzGf3BrmMwfm7bdS5q7yty
John	Hughes	john.hughes@example.com	(990) 350-8053	$2a$12$RwfoAooW.NM6Gj6j6BeqC.NpXCfOmdmIzGf3BrmMwfm7bdS5q7yty
Owen	Stewart	owen.stewart@example.com	(412) 281-7260	$2a$12$RwfoAooW.NM6Gj6j6BeqC.NpXCfOmdmIzGf3BrmMwfm7bdS5q7yty
Sally	Randall	sally.randall@example.com	(558) 391-4478	$2a$12$RwfoAooW.NM6Gj6j6BeqC.NpXCfOmdmIzGf3BrmMwfm7bdS5q7yty
Sophie	MacLeod	sophie.macleod@example.com	(257) 523-9979	$2a$12$RwfoAooW.NM6Gj6j6BeqC.NpXCfOmdmIzGf3BrmMwfm7bdS5q7yty
Heather	Taylor	heather.taylor@example.com	(521) 297-1131	$2a$12$RwfoAooW.NM6Gj6j6BeqC.NpXCfOmdmIzGf3BrmMwfm7bdS5q7yty
Liam	Paige	liam.paige@example.com	(988) 808-1636	$2a$12$RwfoAooW.NM6Gj6j6BeqC.NpXCfOmdmIzGf3BrmMwfm7bdS5q7yty
Paul	Mackay	paul.mackay@example.com	(715) 209-1398	$2a$12$RwfoAooW.NM6Gj6j6BeqC.NpXCfOmdmIzGf3BrmMwfm7bdS5q7yty
Joe	Paterson	joe.paterson@example.com	(332) 969-4248	$2a$12$RwfoAooW.NM6Gj6j6BeqC.NpXCfOmdmIzGf3BrmMwfm7bdS5q7yty
Simon	Roberts	simon.roberts@example.com	(748) 663-1175	$2a$12$RwfoAooW.NM6Gj6j6BeqC.NpXCfOmdmIzGf3BrmMwfm7bdS5q7yty
Lillian	Robertson	lillian.robertson@example.com	(996) 584-8531	$2a$12$RwfoAooW.NM6Gj6j6BeqC.NpXCfOmdmIzGf3BrmMwfm7bdS5q7yty
Ava	Mackenzie	ava.mackenzie@example.com	(379) 631-4636	$2a$12$RwfoAooW.NM6Gj6j6BeqC.NpXCfOmdmIzGf3BrmMwfm7bdS5q7yty
Karen	Mackenzie	karen.mackenzie@example.com	(618) 373-5102	$2a$12$RwfoAooW.NM6Gj6j6BeqC.NpXCfOmdmIzGf3BrmMwfm7bdS5q7yty
Stephen	Russell	stephen.russell@example.com	(662) 523-1315	$2a$12$RwfoAooW.NM6Gj6j6BeqC.NpXCfOmdmIzGf3BrmMwfm7bdS5q7yty
Adrian	James	adrian.james@example.com	(263) 224-8730	$2a$12$RwfoAooW.NM6Gj6j6BeqC.NpXCfOmdmIzGf3BrmMwfm7bdS5q7yty
Brian	Mitchell	brian.mitchell@example.com	(980) 913-8250	$2a$12$RwfoAooW.NM6Gj6j6BeqC.NpXCfOmdmIzGf3BrmMwfm7bdS5q7yty
Thomas	Clarkson	thomas.clarkson@example.com	(264) 389-1320	$2a$12$RwfoAooW.NM6Gj6j6BeqC.NpXCfOmdmIzGf3BrmMwfm7bdS5q7yty
Amanda	Lawrence	amanda.lawrence@example.com	(874) 678-3079	$2a$12$RwfoAooW.NM6Gj6j6BeqC.NpXCfOmdmIzGf3BrmMwfm7bdS5q7yty
Joshua	Harris	joshua.harris@example.com	(282) 872-4176	$2a$12$RwfoAooW.NM6Gj6j6BeqC.NpXCfOmdmIzGf3BrmMwfm7bdS5q7yty
Mary	Ince	mary.ince@example.com	(915) 222-1578	$2a$12$RwfoAooW.NM6Gj6j6BeqC.NpXCfOmdmIzGf3BrmMwfm7bdS5q7yty
Gavin	Metcalfe	gavin.metcalfe@example.com	(615) 935-5454	$2a$12$RwfoAooW.NM6Gj6j6BeqC.NpXCfOmdmIzGf3BrmMwfm7bdS5q7yty
Max	Jones	max.jones@example.com	(285) 517-7215	$2a$12$RwfoAooW.NM6Gj6j6BeqC.NpXCfOmdmIzGf3BrmMwfm7bdS5q7yty
Audrey	Smith	audrey.smith@example.com	(759) 439-2599	$2a$12$RwfoAooW.NM6Gj6j6BeqC.NpXCfOmdmIzGf3BrmMwfm7bdS5q7yty
Ryan	Piper	ryan.piper@example.com	(697) 771-5484	$2a$12$RwfoAooW.NM6Gj6j6BeqC.NpXCfOmdmIzGf3BrmMwfm7bdS5q7yty
Elizabeth	Bell	elizabeth.bell@example.com	(390) 318-7737	$2a$12$RwfoAooW.NM6Gj6j6BeqC.NpXCfOmdmIzGf3BrmMwfm7bdS5q7yty
Bella	Vance	bella.vance@example.com	(208) 905-4518	$2a$12$RwfoAooW.NM6Gj6j6BeqC.NpXCfOmdmIzGf3BrmMwfm7bdS5q7yty
Jasmine	Berry	jasmine.berry@example.com	(946) 928-8817	$2a$12$RwfoAooW.NM6Gj6j6BeqC.NpXCfOmdmIzGf3BrmMwfm7bdS5q7yty
Carl	Alsop	carl.alsop@example.com	(575) 636-7411	$2a$12$RwfoAooW.NM6Gj6j6BeqC.NpXCfOmdmIzGf3BrmMwfm7bdS5q7yty
Matt	Hunter	matt.hunter@example.com	(773) 356-8980	$2a$12$RwfoAooW.NM6Gj6j6BeqC.NpXCfOmdmIzGf3BrmMwfm7bdS5q7yty
Felicity	Henderson	felicity.henderson@example.com	(655) 747-5224	$2a$12$RwfoAooW.NM6Gj6j6BeqC.NpXCfOmdmIzGf3BrmMwfm7bdS5q7yty
Justin	Bower	justin.bower@example.com	(294) 240-6286	$2a$12$RwfoAooW.NM6Gj6j6BeqC.NpXCfOmdmIzGf3BrmMwfm7bdS5q7yty
Sam	Springer	sam.springer@example.com	(399) 434-4783	$2a$12$RwfoAooW.NM6Gj6j6BeqC.NpXCfOmdmIzGf3BrmMwfm7bdS5q7yty
Rebecca	Fraser	rebecca.fraser@example.com	(395) 764-7824	$2a$12$RwfoAooW.NM6Gj6j6BeqC.NpXCfOmdmIzGf3BrmMwfm7bdS5q7yty
Amelia	Chapman	amelia.chapman@example.com	(546) 853-2140	$2a$12$RwfoAooW.NM6Gj6j6BeqC.NpXCfOmdmIzGf3BrmMwfm7bdS5q7yty
Amelia	Parr	amelia.parr@example.com	(744) 619-8669	$2a$12$RwfoAooW.NM6Gj6j6BeqC.NpXCfOmdmIzGf3BrmMwfm7bdS5q7yty
Melanie	North	melanie.north@example.com	(394) 711-0600	$2a$12$RwfoAooW.NM6Gj6j6BeqC.NpXCfOmdmIzGf3BrmMwfm7bdS5q7yty
Dan	Lambert	dan.lambert@example.com	(440) 376-0799	$2a$12$RwfoAooW.NM6Gj6j6BeqC.NpXCfOmdmIzGf3BrmMwfm7bdS5q7yty
Karen	Slater	karen.slater@example.com	(220) 736-8304	$2a$12$RwfoAooW.NM6Gj6j6BeqC.NpXCfOmdmIzGf3BrmMwfm7bdS5q7yty
Luke	Kerr	luke.kerr@example.com	(201) 439-9949	$2a$12$RwfoAooW.NM6Gj6j6BeqC.NpXCfOmdmIzGf3BrmMwfm7bdS5q7yty
Lucas	Butler	lucas.butler@example.com	(730) 533-2266	$2a$12$RwfoAooW.NM6Gj6j6BeqC.NpXCfOmdmIzGf3BrmMwfm7bdS5q7yty
Gordon	Smith	gordon.smith@example.com	(570) 771-9237	$2a$12$RwfoAooW.NM6Gj6j6BeqC.NpXCfOmdmIzGf3BrmMwfm7bdS5q7yty
Frank	Scott	frank.scott@example.com	(385) 482-0110	$2a$12$RwfoAooW.NM6Gj6j6BeqC.NpXCfOmdmIzGf3BrmMwfm7bdS5q7yty
David	Thomson	david.thomson@example.com	(929) 985-3830	$2a$12$RwfoAooW.NM6Gj6j6BeqC.NpXCfOmdmIzGf3BrmMwfm7bdS5q7yty
Robert	Newman	robert.newman@example.com	(409) 559-7270	$2a$12$RwfoAooW.NM6Gj6j6BeqC.NpXCfOmdmIzGf3BrmMwfm7bdS5q7yty
Jonathan	Wilkins	jonathan.wilkins@example.com	(915) 704-9014	$2a$12$RwfoAooW.NM6Gj6j6BeqC.NpXCfOmdmIzGf3BrmMwfm7bdS5q7yty
Phil	MacLeod	phil.macleod@example.com	(504) 717-4440	$2a$12$RwfoAooW.NM6Gj6j6BeqC.NpXCfOmdmIzGf3BrmMwfm7bdS5q7yty
Sam	Sutherland	sam.sutherland@example.com	(704) 903-9869	$2a$12$RwfoAooW.NM6Gj6j6BeqC.NpXCfOmdmIzGf3BrmMwfm7bdS5q7yty
Max	King	max.king@example.com	(899) 332-8944	$2a$12$RwfoAooW.NM6Gj6j6BeqC.NpXCfOmdmIzGf3BrmMwfm7bdS5q7yty
David	Wallace	david.wallace@example.com	(456) 655-0668	$2a$12$RwfoAooW.NM6Gj6j6BeqC.NpXCfOmdmIzGf3BrmMwfm7bdS5q7yty
Kimberly	Watson	kimberly.watson@example.com	(732) 712-9032	$2a$12$RwfoAooW.NM6Gj6j6BeqC.NpXCfOmdmIzGf3BrmMwfm7bdS5q7yty
Joan	Churchill	joan.churchill@example.com	(379) 989-7549	$2a$12$RwfoAooW.NM6Gj6j6BeqC.NpXCfOmdmIzGf3BrmMwfm7bdS5q7yty
Deirdre	Fraser	deirdre.fraser@example.com	(549) 483-6962	$2a$12$RwfoAooW.NM6Gj6j6BeqC.NpXCfOmdmIzGf3BrmMwfm7bdS5q7yty
Matt	Piper	matt.piper@example.com	(576) 309-4545	$2a$12$RwfoAooW.NM6Gj6j6BeqC.NpXCfOmdmIzGf3BrmMwfm7bdS5q7yty
Peter	Gray	peter.gray@example.com	(560) 711-5292	$2a$12$RwfoAooW.NM6Gj6j6BeqC.NpXCfOmdmIzGf3BrmMwfm7bdS5q7yty
Sophie	Harris	sophie.harris@example.com	(872) 720-7617	$2a$12$RwfoAooW.NM6Gj6j6BeqC.NpXCfOmdmIzGf3BrmMwfm7bdS5q7yty
Sophie	Avery	sophie.avery@example.com	(946) 378-9319	$2a$12$RwfoAooW.NM6Gj6j6BeqC.NpXCfOmdmIzGf3BrmMwfm7bdS5q7yty
Nicholas	Mills	nicholas.mills@example.com	(881) 211-8064	$2a$12$RwfoAooW.NM6Gj6j6BeqC.NpXCfOmdmIzGf3BrmMwfm7bdS5q7yty
Diana	Stewart	diana.stewart@example.com	(929) 888-3551	$2a$12$RwfoAooW.NM6Gj6j6BeqC.NpXCfOmdmIzGf3BrmMwfm7bdS5q7yty
Sue	Tucker	sue.tucker@example.com	(939) 252-3166	$2a$12$RwfoAooW.NM6Gj6j6BeqC.NpXCfOmdmIzGf3BrmMwfm7bdS5q7yty
Victor	Anderson	victor.anderson@example.com	(530) 283-5756	$2a$12$RwfoAooW.NM6Gj6j6BeqC.NpXCfOmdmIzGf3BrmMwfm7bdS5q7yty
Emily	Wallace	emily.wallace@example.com	(754) 469-6838	$2a$12$RwfoAooW.NM6Gj6j6BeqC.NpXCfOmdmIzGf3BrmMwfm7bdS5q7yty
Una	Dyer	una.dyer@example.com	(704) 711-4432	$2a$12$RwfoAooW.NM6Gj6j6BeqC.NpXCfOmdmIzGf3BrmMwfm7bdS5q7yty
Nathan	North	nathan.north@example.com	(677) 943-9943	$2a$12$RwfoAooW.NM6Gj6j6BeqC.NpXCfOmdmIzGf3BrmMwfm7bdS5q7yty
Dan	Baker	dan.baker@example.com	(825) 761-8641	$2a$12$RwfoAooW.NM6Gj6j6BeqC.NpXCfOmdmIzGf3BrmMwfm7bdS5q7yty
Carol	Clark	carol.clark@example.com	(703) 338-1593	$2a$12$RwfoAooW.NM6Gj6j6BeqC.NpXCfOmdmIzGf3BrmMwfm7bdS5q7yty
Kevin	Parr	kevin.parr@example.com	(509) 908-2937	$2a$12$RwfoAooW.NM6Gj6j6BeqC.NpXCfOmdmIzGf3BrmMwfm7bdS5q7yty
Natalie	Edmunds	natalie.edmunds@example.com	(545) 840-4132	$2a$12$RwfoAooW.NM6Gj6j6BeqC.NpXCfOmdmIzGf3BrmMwfm7bdS5q7yty
Victoria	Bower	victoria.bower@example.com	(854) 726-8086	$2a$12$RwfoAooW.NM6Gj6j6BeqC.NpXCfOmdmIzGf3BrmMwfm7bdS5q7yty
Bella	Watson	bella.watson@example.com	(300) 350-8896	$2a$12$RwfoAooW.NM6Gj6j6BeqC.NpXCfOmdmIzGf3BrmMwfm7bdS5q7yty
Stewart	Terry	stewart.terry@example.com	(946) 737-5548	$2a$12$RwfoAooW.NM6Gj6j6BeqC.NpXCfOmdmIzGf3BrmMwfm7bdS5q7yty
Caroline	Bailey	caroline.bailey@example.com	(222) 968-7290	$2a$12$RwfoAooW.NM6Gj6j6BeqC.NpXCfOmdmIzGf3BrmMwfm7bdS5q7yty
Jonathan	Blake	jonathan.blake@example.com	(654) 277-7654	$2a$12$RwfoAooW.NM6Gj6j6BeqC.NpXCfOmdmIzGf3BrmMwfm7bdS5q7yty
Richard	Reid	richard.reid@example.com	(452) 227-1827	$2a$12$RwfoAooW.NM6Gj6j6BeqC.NpXCfOmdmIzGf3BrmMwfm7bdS5q7yty
Michelle	Skinner	michelle.skinner@example.com	(932) 732-5769	$2a$12$RwfoAooW.NM6Gj6j6BeqC.NpXCfOmdmIzGf3BrmMwfm7bdS5q7yty
Peter	Henderson	peter.henderson@example.com	(619) 535-6390	$2a$12$RwfoAooW.NM6Gj6j6BeqC.NpXCfOmdmIzGf3BrmMwfm7bdS5q7yty
Jennifer	Thomson	jennifer.thomson@example.com	(474) 794-1932	$2a$12$RwfoAooW.NM6Gj6j6BeqC.NpXCfOmdmIzGf3BrmMwfm7bdS5q7yty
Claire	McDonald	claire.mcdonald@example.com	(298) 895-8723	$2a$12$RwfoAooW.NM6Gj6j6BeqC.NpXCfOmdmIzGf3BrmMwfm7bdS5q7yty
Deirdre	Wilkins	deirdre.wilkins@example.com	(713) 224-0761	$2a$12$RwfoAooW.NM6Gj6j6BeqC.NpXCfOmdmIzGf3BrmMwfm7bdS5q7yty
Jonathan	Murray	jonathan.murray@example.com	(886) 584-5097	$2a$12$RwfoAooW.NM6Gj6j6BeqC.NpXCfOmdmIzGf3BrmMwfm7bdS5q7yty
Jessica	Peters	jessica.peters@example.com	(791) 206-1350	$2a$12$RwfoAooW.NM6Gj6j6BeqC.NpXCfOmdmIzGf3BrmMwfm7bdS5q7yty
Warren	Roberts	warren.roberts@example.com	(430) 369-7903	$2a$12$RwfoAooW.NM6Gj6j6BeqC.NpXCfOmdmIzGf3BrmMwfm7bdS5q7yty
Carolyn	Nolan	carolyn.nolan@example.com	(610) 504-2920	$2a$12$RwfoAooW.NM6Gj6j6BeqC.NpXCfOmdmIzGf3BrmMwfm7bdS5q7yty
Victor	Campbell	victor.campbell@example.com	(839) 834-2646	$2a$12$RwfoAooW.NM6Gj6j6BeqC.NpXCfOmdmIzGf3BrmMwfm7bdS5q7yty
Owen	Mackay	owen.mackay@example.com	(463) 473-8822	$2a$12$RwfoAooW.NM6Gj6j6BeqC.NpXCfOmdmIzGf3BrmMwfm7bdS5q7yty
Justin	Metcalfe	justin.metcalfe@example.com	(933) 951-1975	$2a$12$RwfoAooW.NM6Gj6j6BeqC.NpXCfOmdmIzGf3BrmMwfm7bdS5q7yty
Lauren	Rampling	lauren.rampling@example.com	(790) 397-4775	$2a$12$RwfoAooW.NM6Gj6j6BeqC.NpXCfOmdmIzGf3BrmMwfm7bdS5q7yty
Michelle	Sutherland	michelle.sutherland@example.com	(963) 470-9398	$2a$12$RwfoAooW.NM6Gj6j6BeqC.NpXCfOmdmIzGf3BrmMwfm7bdS5q7yty
Lillian	Vaughan	lillian.vaughan@example.com	(563) 711-6052	$2a$12$RwfoAooW.NM6Gj6j6BeqC.NpXCfOmdmIzGf3BrmMwfm7bdS5q7yty
Peter	Hart	peter.hart@example.com	(290) 602-4889	$2a$12$RwfoAooW.NM6Gj6j6BeqC.NpXCfOmdmIzGf3BrmMwfm7bdS5q7yty
Ruth	Payne	ruth.payne@example.com	(996) 233-7201	$2a$12$RwfoAooW.NM6Gj6j6BeqC.NpXCfOmdmIzGf3BrmMwfm7bdS5q7yty
Ruth	Mitchell	ruth.mitchell@example.com	(630) 692-2062	$2a$12$RwfoAooW.NM6Gj6j6BeqC.NpXCfOmdmIzGf3BrmMwfm7bdS5q7yty
Gavin	Ferguson	gavin.ferguson@example.com	(486) 661-9618	$2a$12$RwfoAooW.NM6Gj6j6BeqC.NpXCfOmdmIzGf3BrmMwfm7bdS5q7yty
Luke	Hill	luke.hill@example.com	(393) 309-9494	$2a$12$RwfoAooW.NM6Gj6j6BeqC.NpXCfOmdmIzGf3BrmMwfm7bdS5q7yty
Jan	Martin	jan.martin@example.com	(637) 959-9347	$2a$12$RwfoAooW.NM6Gj6j6BeqC.NpXCfOmdmIzGf3BrmMwfm7bdS5q7yty
Alan	Dowd	alan.dowd@example.com	(544) 557-4745	$2a$12$RwfoAooW.NM6Gj6j6BeqC.NpXCfOmdmIzGf3BrmMwfm7bdS5q7yty
James	Piper	james.piper@example.com	(880) 620-3298	$2a$12$RwfoAooW.NM6Gj6j6BeqC.NpXCfOmdmIzGf3BrmMwfm7bdS5q7yty
Jacob	Springer	jacob.springer@example.com	(947) 774-1249	$2a$12$RwfoAooW.NM6Gj6j6BeqC.NpXCfOmdmIzGf3BrmMwfm7bdS5q7yty
Michael	Jones	michael.jones@example.com	(394) 378-5115	$2a$12$RwfoAooW.NM6Gj6j6BeqC.NpXCfOmdmIzGf3BrmMwfm7bdS5q7yty
Richard	Hudson	richard.hudson@example.com	(393) 305-2203	$2a$12$RwfoAooW.NM6Gj6j6BeqC.NpXCfOmdmIzGf3BrmMwfm7bdS5q7yty
Ruth	Brown	ruth.brown@example.com	(392) 709-1704	$2a$12$RwfoAooW.NM6Gj6j6BeqC.NpXCfOmdmIzGf3BrmMwfm7bdS5q7yty
Steven	Ferguson	steven.ferguson@example.com	(478) 364-9880	$2a$12$RwfoAooW.NM6Gj6j6BeqC.NpXCfOmdmIzGf3BrmMwfm7bdS5q7yty
Kylie	Fraser	kylie.fraser@example.com	(368) 418-4397	$2a$12$RwfoAooW.NM6Gj6j6BeqC.NpXCfOmdmIzGf3BrmMwfm7bdS5q7yty
Neil	Ince	neil.ince@example.com	(767) 737-6257	$2a$12$RwfoAooW.NM6Gj6j6BeqC.NpXCfOmdmIzGf3BrmMwfm7bdS5q7yty
Evan	Lewis	evan.lewis@example.com	(926) 204-2873	$2a$12$RwfoAooW.NM6Gj6j6BeqC.NpXCfOmdmIzGf3BrmMwfm7bdS5q7yty
Victoria	Manning	victoria.manning@example.com	(551) 897-8060	$2a$12$RwfoAooW.NM6Gj6j6BeqC.NpXCfOmdmIzGf3BrmMwfm7bdS5q7yty
Alexandra	Morrison	alexandra.morrison@example.com	(607) 378-8678	$2a$12$RwfoAooW.NM6Gj6j6BeqC.NpXCfOmdmIzGf3BrmMwfm7bdS5q7yty
Boris	Gibson	boris.gibson@example.com	(398) 391-9734	$2a$12$RwfoAooW.NM6Gj6j6BeqC.NpXCfOmdmIzGf3BrmMwfm7bdS5q7yty
Tim	Graham	tim.graham@example.com	(593) 958-1844	$2a$12$RwfoAooW.NM6Gj6j6BeqC.NpXCfOmdmIzGf3BrmMwfm7bdS5q7yty
Dan	Burgess	dan.burgess@example.com	(956) 620-4437	$2a$12$RwfoAooW.NM6Gj6j6BeqC.NpXCfOmdmIzGf3BrmMwfm7bdS5q7yty
Jason	Underwood	jason.underwood@example.com	(251) 485-1750	$2a$12$RwfoAooW.NM6Gj6j6BeqC.NpXCfOmdmIzGf3BrmMwfm7bdS5q7yty
Charles	Buckland	charles.buckland@example.com	(940) 423-2769	$2a$12$RwfoAooW.NM6Gj6j6BeqC.NpXCfOmdmIzGf3BrmMwfm7bdS5q7yty
Kevin	Morrison	kevin.morrison@example.com	(960) 338-0633	$2a$12$RwfoAooW.NM6Gj6j6BeqC.NpXCfOmdmIzGf3BrmMwfm7bdS5q7yty
Joe	Reid	joe.reid@example.com	(262) 517-3213	$2a$12$RwfoAooW.NM6Gj6j6BeqC.NpXCfOmdmIzGf3BrmMwfm7bdS5q7yty
Katherine	Smith	katherine.smith@example.com	(371) 850-9892	$2a$12$RwfoAooW.NM6Gj6j6BeqC.NpXCfOmdmIzGf3BrmMwfm7bdS5q7yty
Trevor	Peake	trevor.peake@example.com	(394) 802-3727	$2a$12$RwfoAooW.NM6Gj6j6BeqC.NpXCfOmdmIzGf3BrmMwfm7bdS5q7yty
Justin	Powell	justin.powell@example.com	(846) 402-9708	$2a$12$RwfoAooW.NM6Gj6j6BeqC.NpXCfOmdmIzGf3BrmMwfm7bdS5q7yty
Jonathan	Slater	jonathan.slater@example.com	(299) 555-3156	$2a$12$RwfoAooW.NM6Gj6j6BeqC.NpXCfOmdmIzGf3BrmMwfm7bdS5q7yty
Wendy	Berry	wendy.berry@example.com	(252) 455-3889	$2a$12$RwfoAooW.NM6Gj6j6BeqC.NpXCfOmdmIzGf3BrmMwfm7bdS5q7yty
Sally	James	sally.james@example.com	(966) 424-2275	$2a$12$RwfoAooW.NM6Gj6j6BeqC.NpXCfOmdmIzGf3BrmMwfm7bdS5q7yty
Connor	Vaughan	connor.vaughan@example.com	(423) 737-0037	$2a$12$RwfoAooW.NM6Gj6j6BeqC.NpXCfOmdmIzGf3BrmMwfm7bdS5q7yty
Tim	Russell	tim.russell@example.com	(780) 954-1613	$2a$12$RwfoAooW.NM6Gj6j6BeqC.NpXCfOmdmIzGf3BrmMwfm7bdS5q7yty
Victor	Bell	victor.bell@example.com	(383) 328-5559	$2a$12$RwfoAooW.NM6Gj6j6BeqC.NpXCfOmdmIzGf3BrmMwfm7bdS5q7yty
Blake	Ferguson	blake.ferguson@example.com	(814) 648-6842	$2a$12$RwfoAooW.NM6Gj6j6BeqC.NpXCfOmdmIzGf3BrmMwfm7bdS5q7yty
Ruth	Manning	ruth.manning@example.com	(404) 231-0171	$2a$12$RwfoAooW.NM6Gj6j6BeqC.NpXCfOmdmIzGf3BrmMwfm7bdS5q7yty
Victor	Smith	victor.smith@example.com	(812) 684-3460	$2a$12$RwfoAooW.NM6Gj6j6BeqC.NpXCfOmdmIzGf3BrmMwfm7bdS5q7yty
