AUDI	A4	2013
HONDA	TRX420TM FOURTRAX RANCHER	2008
MOTOR COACH INDUSTRIES	102DL3	2005
LEXUS	RC350	2015
ARCTIC CAT	450 LTD	2011
LAND ROVER	RANGE ROVER EVOQUE	2012
SUBARU	IMPREZA	2004
YAMAHA	FJR1300A ABS	2012
BUICK	REGAL	2012
APRILIA	DORSODURO 750	2010
POLARIS	600 IQ LXT	2012
COBRA	CX50-SR	2008
KIA	FORTE	2011
MACK	CHU	2015
LAND ROVER	RANGE ROVER SPORT	2013
MERCEDES-BENZ	SPRINTER 2500	2013
SKI-DOO	SUMMIT X E-TEC 800R 154	2013
YAMAHA	XVS650 V STAR CUSTOM	2007
PETERBILT	385	2006
HYUNDAI	ENTOURAGE	2010
DODGE	RAM 2500 VAN	2001
ARCTIC CAT	BEARCAT 2000 LT	2015
POLARIS	700 DRAGON	2007
VICTORY	HIGH-BALL	2013
PETERBILT	362	2004
SKI-DOO	SKANDIC WT E-TEC 600 HO	2013
BOMBARDIER	OUTLANDER 400 HO 4X4	2006
YAMAHA	XVZ1300TFS ROYAL STAR VENTURE S	2012
ARCTIC CAT	PROCROSS F 1100 LXR	2012
BMW	750I	2009
NISSAN	SENTRA	2014
FIAT	500	2013
APRILIA	SR50R FACTORY	2010
SKI-DOO	MX Z 500 TRAIL	2004
VOLKSWAGEN	CRAFTER	2014
ARCTIC CAT	400 4X4 AUTO TBX	2004
SEAT	IBIZA	2006
AMERICAN IRONHORSE	SLAMMER	2005
PETERBILT	387	2010
KAWASAKI	KX250	2007
YAMAHA	VMX1200 V-MAX	2005
FREIGHTLINER	MT45	2008
CHEVROLET	W4500 TILTMASTER	2008
HONDA	CB250 NIGHTHAWK	2007
TM	SMM450F	2008
HARLEY DAVIDSON	FXDL DYNA LOW RIDER	2003
POLARIS	TRAIL RMK	2010
BMW	X3	2014
JEEP	PATRIOT	2011
MAZDA	5	2013
